{
  "project_info": {
    "project_number": "913848305894",
    "project_id": "smartpetapp-774ff",
    "storage_bucket": "smartpetapp-774ff.appspot.com"
  },
  "client": [
    {
      "client_info": {
        "mobilesdk_app_id": "1:913848305894:android:3959777c9ab5cc1065d327",
        "android_client_info": {
          "package_name": "com.example.smartpet"
        }
      },
      "oauth_client": [],
      "api_key": [
        {
          "current_key": "AIzaSyBWreNSM4xmJnVDj1DB8UTQeKiKtIhnR1Q"
        }
      ],
      "services": {
        "appinvite_service": {
          "other_platform_oauth_client": []
        }
      }
    }
  ],
  "configuration_version": "1"
}